Type,Name,Request Count,Failure Count,Median Response Time,Average Response Time,Min Response Time,Max Response Time,Average Content Size,Requests/s,Failures/s,50%,66%,75%,80%,90%,95%,98%,99%,99.9%,99.99%,100%
POST,long-rag,1,0,26660.270200110972,26660.270200110972,26660.270200110972,26660.270200110972,1038.0,0.021601824071262023,0.0,27000,27000,27000,27000,27000,27000,27000,27000,27000,27000,27000
POST,short,9,0,14000,18017.63035553611,5780.769600067288,38230.70950014517,643.0,0.1944164166413582,0.0,14000,15000,29000,32000,38000,38000,38000,38000,38000,38000,38000
,Aggregated,10,0,14000,18881.894339993596,5780.769600067288,38230.70950014517,682.5,0.21601824071262024,0.0,15000,27000,29000,32000,38000,38000,38000,38000,38000,38000,38000
