Type,Name,Request Count,Failure Count,Median Response Time,Average Response Time,Min Response Time,Max Response Time,Average Content Size,Requests/s,Failures/s,50%,66%,75%,80%,90%,95%,98%,99%,99.9%,99.99%,100%
POST,long-rag,1,0,14572.69260007888,14572.69260007888,14572.69260007888,14572.69260007888,1010.0,0.01755712005756376,0.0,15000,15000,15000,15000,15000,15000,15000,15000,15000,15000,15000
POST,short,12,0,27000,28728.857049990136,5894.6050000377,42049.413200002164,654.5833333333334,0.21068544069076509,0.0,33000,36000,39000,39000,39000,42000,42000,42000,42000,42000,42000
,Aggregated,13,0,27000,27639.921323073886,5894.6050000377,42049.413200002164,681.9230769230769,0.22824256074832885,0.0,27000,36000,36000,39000,39000,42000,42000,42000,42000,42000,42000
